phrase,source,category
code block ho gaya fix karo isko,twitter,otp_failure
sms aane me time lag raha hai 1 ghanta ho gaya,twitter,otp_failure
message expired dikha raha hai,reddit,otp_failure
message aane me time lag raha hai kya karu anyone else facing this?,twitter,otp_failure
verification code aane me time lag raha hai,twitter,otp_failure
otp invalid bata raha hai,playstore,otp_failure
sms block ho gaya kya karu,reddit,otp_failure
verification code invalid bata raha hai 1 ghanta ho gaya,twitter,otp_failure
otp block ho gaya account open nahi ho raha wtf,quora,otp_failure
message invalid bata raha hai kya karu,twitter,otp_failure
message invalid bata raha hai,playstore,otp_failure
otp nahi aa raha kya karu,quora,otp_failure
code expired dikha raha hai 1 ghanta ho gaya,playstore,otp_failure
sms receive nahi hua account open nahi ho raha,twitter,otp_failure
code aane me time lag raha hai kya karu,twitter,otp_failure
message invalid bata raha hai 1 ghanta ho gaya,twitter,otp_failure
code block ho gaya,playstore,otp_failure
otp expired dikha raha hai,quora,otp_failure
sms nahi aa raha kya karu,twitter,otp_failure
code receive nahi hua fix karo isko,twitter,otp_failure
code aane me time lag raha hai kya karu,quora,otp_failure
sms aane me time lag raha hai account open nahi ho raha anyone else facing this?,playstore,otp_failure
message nahi aa raha fix karo isko,twitter,otp_failure
message expired dikha raha hai login nahi ho raha please fix,reddit,otp_failure
otp nahi aa raha login nahi ho raha,quora,otp_failure
verification code block ho gaya kya karu this is worst,reddit,otp_failure
otp receive nahi hua login nahi ho raha,playstore,otp_failure
otp expired dikha raha hai kya karu please fix,playstore,otp_failure
verification code expired dikha raha hai,quora,otp_failure
verification code block ho gaya,quora,otp_failure
verification code block ho gaya fix karo isko,twitter,otp_failure
otp invalid bata raha hai frustrating,playstore,otp_failure
message aane me time lag raha hai kya karu,playstore,otp_failure
message receive nahi hua 1 ghanta ho gaya wtf,twitter,otp_failure
otp invalid bata raha hai,reddit,otp_failure
sms nahi aa raha,reddit,otp_failure
sms invalid bata raha hai account open nahi ho raha,playstore,otp_failure
otp aane me time lag raha hai kya karu,quora,otp_failure
message receive nahi hua,playstore,otp_failure
message expired dikha raha hai login nahi ho raha,playstore,otp_failure
verification code receive nahi hua,playstore,otp_failure
verification code receive nahi hua kya karu,twitter,otp_failure
verification code aane me time lag raha hai frustrating,quora,otp_failure
sms invalid bata raha hai kya karu,reddit,otp_failure
message block ho gaya,playstore,otp_failure
verification code nahi aa raha,reddit,otp_failure
message expired dikha raha hai kya karu please fix,twitter,otp_failure
code nahi aa raha,reddit,otp_failure
verification code invalid bata raha hai fix karo isko,playstore,otp_failure
message nahi aa raha kya karu,quora,otp_failure
message nahi aa raha fix karo isko this is worst,reddit,otp_failure
message expired dikha raha hai account open nahi ho raha,quora,otp_failure
message nahi aa raha,quora,otp_failure
otp expired dikha raha hai,quora,otp_failure
otp aane me time lag raha hai frustrating,twitter,otp_failure
code aane me time lag raha hai fix karo isko,playstore,otp_failure
otp nahi aa raha fix karo isko,playstore,otp_failure
code block ho gaya login nahi ho raha,twitter,otp_failure
sms aane me time lag raha hai,reddit,otp_failure
verification code block ho gaya 1 ghanta ho gaya,quora,otp_failure
otp invalid bata raha hai anyone else facing this?,quora,otp_failure
otp receive nahi hua account open nahi ho raha,twitter,otp_failure
message receive nahi hua 1 ghanta ho gaya,quora,otp_failure
sms nahi aa raha account open nahi ho raha please fix,twitter,otp_failure
otp invalid bata raha hai account open nahi ho raha,reddit,otp_failure
message receive nahi hua frustrating,twitter,otp_failure
code receive nahi hua kya karu,playstore,otp_failure
otp invalid bata raha hai login nahi ho raha,playstore,otp_failure
message expired dikha raha hai frustrating,twitter,otp_failure
message block ho gaya 1 ghanta ho gaya please fix,reddit,otp_failure
message invalid bata raha hai,twitter,otp_failure
sms invalid bata raha hai kya karu,playstore,otp_failure
code invalid bata raha hai frustrating,playstore,otp_failure
sms nahi aa raha fix karo isko,twitter,otp_failure
otp invalid bata raha hai,playstore,otp_failure
sms expired dikha raha hai account open nahi ho raha,twitter,otp_failure
sms aane me time lag raha hai 1 ghanta ho gaya,twitter,otp_failure
sms invalid bata raha hai kya karu please fix,twitter,otp_failure
message expired dikha raha hai 1 ghanta ho gaya this is worst,twitter,otp_failure
message expired dikha raha hai,twitter,otp_failure
code block ho gaya login nahi ho raha,playstore,otp_failure
code nahi aa raha fix karo isko,reddit,otp_failure
otp aane me time lag raha hai account open nahi ho raha,quora,otp_failure
code aane me time lag raha hai login nahi ho raha,playstore,otp_failure
code expired dikha raha hai account open nahi ho raha,twitter,otp_failure
message aane me time lag raha hai kya karu,quora,otp_failure
code block ho gaya account open nahi ho raha,reddit,otp_failure
otp receive nahi hua account open nahi ho raha,playstore,otp_failure
verification code receive nahi hua login nahi ho raha,playstore,otp_failure
verification code nahi aa raha login nahi ho raha,playstore,otp_failure
verification code nahi aa raha,reddit,otp_failure
sms invalid bata raha hai,quora,otp_failure
verification code receive nahi hua account open nahi ho raha wtf,twitter,otp_failure
verification code invalid bata raha hai,quora,otp_failure
verification code expired dikha raha hai fix karo isko,quora,otp_failure
verification code invalid bata raha hai fix karo isko,reddit,otp_failure
code nahi aa raha frustrating anyone else facing this?,reddit,otp_failure
verification code nahi aa raha please fix,reddit,otp_failure
code aane me time lag raha hai,quora,otp_failure
otp expired dikha raha hai account open nahi ho raha please fix,playstore,otp_failure
